Store_Number,,Address,City,State_Zip
Family Dollar #6048,,929 Easton Rd,Abington, PA 19001 US
Family Dollar #11212,,100 E State Street,Albion, PA 16401 US
Family Dollar #11817,,123 N 9th Street,Allentown, PA 18102 US
Family Dollar #12035,,1735 South 4th Street,Allentown, PA 18103 US
Family Dollar #1051,,200 E Pleasant Valley Blvd,Altoona, PA 16602 US
Family Dollar #2589,,107 North Plaza,Apollo, PA 15613 US
Family Dollar #6575,,43 S Main St,Ashley, PA 18706 US
Family Dollar #1845,,1526 7th Ave,Beaver Falls, PA 15010 US
Family Dollar #5518,,607 Lincoln Ave,Bellevue, PA 15202 US
Family Dollar #719,,834 Main Street,Bentleyville, PA 15314 US
Family Dollar #4602,,1729 W Front Street,Berwick, PA 18603 US
Family Dollar #9353,,1319 West Broad St,Bethlehem, PA 18018 US
Family Dollar #8792,,3460 Biglerville Rd.,Biglerville, PA 17307 US
Family Dollar #11213,,126 East Main Street,Big Run, PA 15715 US
Family Dollar #4079,,248 Pa-940,Blakeslee, PA 18610 US
Family Dollar #7584,,1002 Atkinson Way,Boswell, PA 15531 US
Family Dollar #6347,,401 6th St(Pittsburgh),Braddock, PA 15104 US
Family Dollar #10736,,5150 Railroad Avenue,Broad Top City, PA 16621 US
Family Dollar #6533,,235 Allegheny Rd,Brookville, PA 15825 US
Family Dollar #1671,,1402 Main St,Burgettstown, PA 15021 US
Family Dollar #11826,,362 E High Street,Carlisle, PA 17013 US
Family Dollar #8446,,1706 Spring Rd.,Carlisle, PA 17013 US
Family Dollar #4708,,300 Broadway St,Carnegie, PA 15106 US
Family Dollar #10409,,3835 Lincoln Way West,Chambersburg, PA 17202 US
Family Dollar #11742,,1500 Edgmont Avenue,Chester, PA 19013 US
Family Dollar #1707,,1915 W 9th Street,Chester, PA 19013 US
Family Dollar #6601,,3100 W 9th St,Chester, PA 19013 US
Family Dollar #7304,,614 Avenue Of The States,Chester, PA 19013 US
Family Dollar #4774,,533 Miller Ave,Clairton, PA 15025 US
Family Dollar #7087,,1100 Old Town Rd,Clearfield, PA 16830 US
Family Dollar #10300,,444 Butler Street,Clintonville, PA 16372 US
Family Dollar #11095,,400 E Lincoln Highway,Coatesville, PA 19320 US
Family Dollar #7618,,1201 Foster Ave.,Crafton, PA 15205 US
Family Dollar #5380,,711 Second St,Cresson, PA 16630 US
Family Dollar #11761,,164 S Macdade Boulevard,Darby, PA 19023 US
Family Dollar #7479,,3842 Sr 31,Donegal, PA 15628 US
Family Dollar #6144,,989 North Eighty Eight Rd,Dry Tavern, PA 15357 US
Family Dollar #4675,,27 Duquesne Blvd.,Duquesne, PA 15110 US
Family Dollar #11437,,220 S German Steet,Dushore, PA 18614 US
Family Dollar #10262,,222 Water Street,East Brady, PA 16028 US
Family Dollar #4227,,254 Line St,Easton, PA 18042 US
Family Dollar #7577,,301 Northampton St,Easton, PA 18042 US
Family Dollar #11810,,450 W 8th Street,Erie, PA 16502 US
Family Dollar #1780,,155 E 12th St,Erie, PA 16501 US
Family Dollar #5910,,2307 State St,Erie, PA 16503 US
Family Dollar #8316,,2184 W 12th St.,Erie, PA 16505 US
Family Dollar #7975,,1070 Wyoming Avenue,Exeter, PA 18643 US
Family Dollar #10775,,10720 Path Valley Road,Fannettsburg, PA 17221 US
Family Dollar #1090,,701 Sharon New Castle Road,Farrell, PA 16121 US
Family Dollar #8662,,4015 Lincoln Way E,Fayetteville, PA 17222 US
Family Dollar #7336,,1132 3rd Avenue,Ford City, PA 16226 US
Family Dollar #12166,,128 North Lehigh Avenue,Frackville, PA 17931 US
Family Dollar #5956,,377 Grant St,Franklin, PA 16323 US
Family Dollar #9342,,183 South St.,Freeland, PA 18224 US
Family Dollar #11650,,642 Monongahela Avenue,Glassport, PA 15045 US
Family Dollar #1030,,118 South Antrim Way,Greencastle, PA 17225 US
Family Dollar #8097,,1564 Route 507,Greentown, PA 18426 US
Family Dollar #7738,,261 Main St,Greenville, PA 16125 US
Family Dollar #8870,,1030 Mountain View Plaza,Hallstead, PA 18822 US
Family Dollar #10554,,2304 North 3rd Street,Harrisburg, PA 17110 US
Family Dollar #11200,,932 South 13th Street,Harrisburg, PA 17104 US
Family Dollar #6719,,400 S Cameron St,Harrisburg, PA 17101 US
Family Dollar #9355,,1801 Derry Street,Harrisburg, PA 17104 US
Family Dollar #3856,,Rt 739,Hawley, PA 18428 US
Family Dollar #3310,,700 W Broad St,Hazleton, PA 18201 US
Family Dollar #7432,,30 Forest Drive,Hegins, PA 17938 US
Family Dollar #8745,,2121 Macdade Blvd.,Holmes, PA 19043 US
Family Dollar #10771,,25 Tanoma Road,Home, PA 15747 US
Family Dollar #10206,,996 Barn Street,Hooversville, PA 15936 US
Family Dollar #5890,,Us Route 53,Houtzdale, PA 16651 US
Family Dollar #2149,,7527 Huntingdon Plaza,Huntingdon, PA 16652 US
Family Dollar #7337,,719 Bedford St,Johnstown, PA 15902 US
Family Dollar #7724,,91 Central Avenue,Johnstown, PA 15902 US
Family Dollar #8991,,519 North Fraley St,Kane, PA 16735 US
Family Dollar #1596,,125 Market St,Kittanning, PA 16201 US
Family Dollar #11181,,420 North Franklin Street,Lancaster, PA 17602 US
Family Dollar #1855,,930 S Duke Street,Lancaster, PA 17602 US
Family Dollar #943,,700 E Patterson St,Lansford, PA 18232 US
Family Dollar #11300,,66 Main St.,Lawrenceville, PA 16929 US
Family Dollar #11771,,1034 Maple Street,Lebanon, PA 17046 US
Family Dollar #4041,,306 Cumberland St,Lebanon, PA 17042 US
Family Dollar #8452,,5479 Pottsville Pike,Leesport, PA 19533 US
Family Dollar #12230,,1625 Haines Road,Levittown, PA 19055 US
Family Dollar #11361,,1507 Market St,Linwood, PA 19061 US
Family Dollar #9294,,1080 Susquehanna Trail,Liverpool, PA 17045 US
Family Dollar #4988,,300 Bellefonte Ave,Lock Haven, PA 17745 US
Family Dollar #11302,,3545 Shermans Valley Road,Loysville, PA 17047 US
Family Dollar #10765,,585 Mahaffey Grampian Highway,Mahaffey, PA 15757 US
Family Dollar #11303,,139 West Centre Street,Mahanoy City, PA 17948 US
Family Dollar #10732,,174 Main Street,Markleysburg, PA 15459 US
Family Dollar #11619,,3215 Versailles Avenue,Mckeesport, PA 15132 US
Family Dollar #1631,,130 Lysle Blvd,Mckeesport, PA 15132 US
Family Dollar #6554,,2347 5th Ave,Mckeesport, PA 15132 US
Family Dollar #7123,,3107 Liberty Way,Mckeesport, PA 15133 US
Family Dollar #8379,,821 Chartiers Ave.,Mckees Rocks, PA 15136 US
Family Dollar #8809,,18971 Park Avenue Plaza,Meadville, PA 16335 US
Family Dollar #3159,,139 N Erie St,Mercer, PA 16137 US
Family Dollar #7691,,315 Grant Street,Meyersdale, PA 15552 US
Family Dollar #8016,,204 South Wausau Street,Middleburg, PA 17842 US
Family Dollar #3649,,45 8th St,Midland, PA 15059 US
Family Dollar #9408,,26 Front St,Millsboro, PA 15348 US
Family Dollar #3182,,123 Lincoln Ave,Millvale, PA 15209 US
Family Dollar #7197,,1221 Pacific Ave,Monaca, PA 15061 US
Family Dollar #788,,1224 W Main St,Monongahela, PA 15063 US
Family Dollar #4962,,1737 Golden Mile Highway,Monroeville, PA 15146 US
Family Dollar #10584,,60 Elimsport Road,Montgomery, PA 17752 US
Family Dollar #5955,,706 Price Chopper Plaza,Montrose, PA 18801 US
Family Dollar #2116,,240 Hays Avenue,Mount Oliver, PA 15210 US
Family Dollar #3619,,30 E Shirley St,Mount Union, PA 17066 US
Family Dollar #8756,,2 N. Baltimore Avenue,Mt Holly Springs, PA 17065 US
Family Dollar #10770,,8167 State Route 104,Mt. Pleasant Mills, PA 17853 US
Family Dollar #5940,,715 E 8th Ave,Munhall, PA 15120 US
Family Dollar #11089,,4573 Us Route 422,New Bedford, PA 16143 US
Family Dollar #3126,,51 Centre Drive,New Bloomfield, PA 17068 US
Family Dollar #6769,,1235 5th Avenue,New Brighton, PA 15066 US
Family Dollar #7117,,421-27 Freeport St,New Kensington, PA 15068 US
Family Dollar #818,,322 Central City Plaza,New Kensington, PA 15068 US
Family Dollar #10516,,67 N High Street,Newville, PA 17241 US
Family Dollar #5932,,1717 Markley St,Norristown, PA 19401 US
Family Dollar #7803,,1016 Sandy Hill Road,Norristown, PA 19401 US
Family Dollar #2894,,149 W Main Street,North East, PA 16428 US
Family Dollar #11984,,809 Grandview Road,Oil City, PA 16301 US
Family Dollar #1941,,124 State St,Oil City, PA 16301 US
Family Dollar #9221,,105 N Main Street,Old Forge, PA 18518 US
Family Dollar #3780,,301 Lackawanna Ave,Olyphant, PA 18447 US
Family Dollar #7489,,2 Main St,Osceola, PA 16942 US
Family Dollar #8229,,545 Delaware Avenue,Palmerton, PA 18071 US
Family Dollar #3390,,1361 Blue Valley Dr,Pen Argyl, PA 18072 US
Family Dollar #10200,,5701 Walnut Street,Philadelphia, PA 19139 US
Family Dollar #10581,,4061 Lancaster Avenue,Philadelphia, PA 19104 US
Family Dollar #11194,,1812 W Cheltenham Avenue,Philadelphia, PA 19126 US
Family Dollar #11349,,229 W Allegheny Avenue,Philadelphia, PA 19133 US
Family Dollar #11363,,1955 W. Hunting Park Ave,Philadelphia, PA 19140 US
Family Dollar #11370,,4113 G Street,Philadelphia, PA 19124 US
Family Dollar #11706,,2201 W Cambria Street,Philadelphia, PA 19132 US
Family Dollar #11774,,6430 Castor Avenue,Philadelphia, PA 19149 US
Family Dollar #11779,,2459 Kensington Ave,Philadelphia, PA 19125 US
Family Dollar #11814,,7740 City Line Avenue,Philadelphia, PA 19151 US
Family Dollar #5633,,6138 Ridge Ave,Philadelphia, PA 19128 US
Family Dollar #5756,,6429 Rising Sun Rd,Philadelphia, PA 19111 US
Family Dollar #5835,,5648 Lancaster Avenue Suite 1,Philadelphia, PA 19131 US
Family Dollar #6054,,4501 Castor Ave,Philadelphia, PA 19124 US
Family Dollar #6163,,3141 Frankford Ave #59,Philadelphia, PA 19134 US
Family Dollar #6201,,5200 Germantown Ave,Philadelphia, PA 19144 US
Family Dollar #6496,,5807 Torresdale Ave,Philadelphia, PA 19135 US
Family Dollar #6677,,2649 Germantown Avenue,Philadelphia, PA 19133 US
Family Dollar #6739,,4617 N 5th St,Philadelphia, PA 19140 US
Family Dollar #6868,,321 E Allegheny Ave #25,Philadelphia, PA 19134 US
Family Dollar #6886,,1325 Point Breeze Ave,Philadelphia, PA 19146 US
Family Dollar #6928,,6337 North Broad St,Philadelphia, PA 19141 US
Family Dollar #7151,,29 N 52nd St,Philadelphia, PA 19139 US
Family Dollar #7338,,4334 Frankford Ave,Philadelphia, PA 19124 US
Family Dollar #7350,,4701 W Girard Ave,Philadelphia, PA 19131 US
Family Dollar #7417,,906 N Broad St Ste 16,Philadelphia, PA 19130 US
Family Dollar #7559,,5719 Oxford Ave,Philadelphia, PA 19149 US
Family Dollar #7719,,1925 West Allegheny Avenue,Philadelphia, PA 19132 US
Family Dollar #8419,,5601 Vine St.,Philadelphia, PA 19139 US
Family Dollar #8623,,5716 Baltimore Ave.,Philadelphia, PA 19143 US
Family Dollar #8948,,701 W Lehigh Avenue,Philadelphia, PA 19133 US
Family Dollar #9057,,180 W Girard Ave.,Philadelphia, PA 19123 US
Family Dollar #9215,,2701 W Hunting Park Avenue,Philadelphia, PA 19129 US
Family Dollar #2041,,16 Ames Plaza,Philipsburg, PA 16866 US
Family Dollar #11119,,3300 Penn Avenue,Pittsburgh, PA 15201 US
Family Dollar #11291,,2928 Sheraden Boulevard,Pittsburgh, PA 15204 US
Family Dollar #11387,,8184 Frankstown Avenue,Pittsburgh, PA 15221 US
Family Dollar #11553,,1111 Lincoln Avenue,Pittsburgh, PA 15206 US
Family Dollar #11692,,3210 Brighton Road,Pittsburgh, PA 15212 US
Family Dollar #11940,,1211 Chartiers Avenue,Pittsburgh, PA 15220 US
Family Dollar #12168,,2116 Brownsville Road,Pittsburgh, PA 15210 US
Family Dollar #5250,,2020 Wharton St,Pittsburgh, PA 15203 US
Family Dollar #5275,,450 56th St,Pittsburgh, PA 15201 US
Family Dollar #6137,,5160 Penn Ave,Pittsburgh, PA 15224 US
Family Dollar #7104,,2020 Spring Garden Ave,Pittsburgh, PA 15212 US
Family Dollar #7199,,1917 Centre Ave,Pittsburgh, PA 15219 US
Family Dollar #8528,,7 N. River Street,Plains, PA 18705 US
Family Dollar #6986,,501 West Main St,Plymouth, PA 18651 US
Family Dollar #7283,,20 Penn St,Point Marion, PA 15474 US
Family Dollar #11312,,891 Market Street,Port Royal, PA 17082 US
Family Dollar #10793,,399 Farmington Avenue,Pottstown, PA 19464 US
Family Dollar #7359,,1013 W Market St,Pottsville, PA 17901 US
Family Dollar #11609,,400 South 6th Street,Reading, PA 19602 US
Family Dollar #11670,,231 Lancaster Avenue,Reading, PA 19611 US
Family Dollar #6825,,433 W Douglass St,Reading, PA 19601 US
Family Dollar #7250,,333 N 4th St,Reading, PA 19601 US
Family Dollar #7455,,840 Penn Street,Reading, PA 19602 US
Family Dollar #1383,,10 Dairyland Square,Red Lion, PA 17356 US
Family Dollar #11607,,2932 New Centerville Road,Rockwood, PA 15557 US
Family Dollar #3340,,745 Little Deer Creek Valley R,Russellton, PA 15076 US
Family Dollar #7699,,302 South Keystone Avenue,Sayre, PA 18840 US
Family Dollar #10105,,449 N Main Avenue,Scranton, PA 18504 US
Family Dollar #1350,,635 Luzerne St,Scranton, PA 18504 US
Family Dollar #4190,,701 Prescott Ave,Scranton, PA 18510 US
Family Dollar #4457,,1502 Jackson St,Scranton, PA 18504 US
Family Dollar #2396,,909 Main St,Sharpsburg, PA 15215 US
Family Dollar #10493,,640 West Centre Street,Shenandoah, PA 17976 US
Family Dollar #2563,,5 Mountain Mall,Shickshinny, PA 18655 US
Family Dollar #8416,,508 East Lancaster Ave,Shillington, PA 19607 US
Family Dollar #8494,,3564 Penn Drive,Sinking Spring, PA 19608 US
Family Dollar #10299,,1800 Shamrock Street,Sligo, PA 16255 US
Family Dollar #11406,,63 Main Street,Smithfield, PA 15478 US
Family Dollar #2322,,545 East Main St,Somerset, PA 15501 US
Family Dollar #10772,,368 Main Street,Spartansburg, PA 16434 US
Family Dollar #2576,,803 S Front St,Steelton, PA 17113 US
Family Dollar #11589,,125 Center Street,Tamaqua, PA 18252 US
Family Dollar #12193,,140 West 7th Ave,Tarentum, PA 15084 US
Family Dollar #10587,,15905 Route 62,Tidioute, PA 16351 US
Family Dollar #5823,,State Route 196,Tobyhanna, PA 18466 US
Family Dollar #7500,,3676 North Hermitage Rd,Transfer, PA 16154 US
Family Dollar #7319,,14 Spring St,Tremont, PA 17981 US
Family Dollar #10492,,1852 Brownsville Road,Trevose, PA 19053 US
Family Dollar #6988,,255 North Gallatin Ave,Uniontown, PA 15401 US
Family Dollar #10094,,1500 Garrett Rd.,Upper Darby, PA 19082 US
Family Dollar #11762,,117 S 69th Street,Upper Darby, PA 19082 US
Family Dollar #8406,,1122 Milltown Unity Rd.,Verona, PA 15147 US
Family Dollar #7297,,1036 Pennsylvania Ave W,Warren, PA 16365 US
Family Dollar #1356,,130 Highland Ave,Washington, PA 15301 US
Family Dollar #4365,,101 E Wylie Ave,Washington, PA 15301 US
Family Dollar #6551,,10 W Brimmer Ave,Watsontown, PA 17777 US
Family Dollar #5046,,175 W High St,Waynesburg, PA 15370 US
Family Dollar #9304,,18429 Bennetts Valley Hwy.,Weedville, PA 15868 US
Family Dollar #11484,,1 West Penn Avenue,Wernersville, PA 19565 US
Family Dollar #10943,,225 W Main Street,Westfield, PA 16950 US
Family Dollar #1299,,665 Carey Ave,Wilkes Barre, PA 18702 US
Family Dollar #2582,,404 S Main St,Wilkes-Barre, PA 18701 US
Family Dollar #1299,,665 Carey Ave,Wilkes Barre, PA 18702 US
Family Dollar #2582,,404 S Main St,Wilkes-Barre, PA 18701 US
Family Dollar #11688,,1200 Swissvale Avenue,Wilkinsburg, PA 15221 US
Family Dollar #3675,,7627 Penn Ave,Wilkinsburg, PA 15221 US
Family Dollar #1811,,2016 Lycoming Creek Road,Williamsport, PA 17701 US
Family Dollar #1891,,328 Memorial Ave,Williamsport, PA 17701 US
Family Dollar #8899,,1221 W 4th Street,Williamsport, PA 17701 US
Family Dollar #11893,,2423 Butler Street,Wilson, PA 18042 US
Family Dollar #7312,,1192 W Penn Ave,Womelsdorf, PA 19567 US
Family Dollar #2419,,579 Maryland Avenue,York, PA 17404 US
Family Dollar #10961,,70 Railroad Street,Youngsville, PA 16371 US
Family Dollar #2233,Providence Village,515 North Oak Avenue,Aldan, PA 19018 US
Family Dollar #1952,Aliquippa Shopping Center,2719 Brodhead Rd,Aliquippa, PA 15001 US
Family Dollar #2455,Allentown Shopping Plaza,1360 Hanover Ave,Allentown, PA 18109 US
Family Dollar #3155,Airport Plaza,1200 Airport Rd,Allentown, PA 18103 US
Family Dollar #3847,Parkway Shp Ctr,1571 Lehigh St,Allentown, PA 18103 US
Family Dollar #8086,Allen Street Shopping Center,1431 W Allen St.,Allentown, PA 18102 US
Family Dollar #2681,Ivyside Plaza,501 E 25th Ave,Altoona, PA 16601 US
Family Dollar #4970,58th Street Plaza,5901 6th Ave,Altoona, PA 16602 US
Family Dollar #2884,Village Green Shp Ctr,3464 Concord Rd,Aston, PA 19014 US
Family Dollar #3440,Eckerd Plaza,101 Railroad St,Bedford, PA 15522 US
Family Dollar #2811,Bethlehem Shopping Center,2910 Easton Ave,Bethlehem, PA 18017 US
Family Dollar #8074,Willowbrook Shopping Center,3290 Chichester Ave.,Boothwyn, PA 19061 US
Family Dollar #824,Braddock Hills Shopping Center,1500 Yost Boulevard,Braddock Hills, PA 15221 US
Family Dollar #2464,Union Square,32 Davis St,Bradford, PA 16701 US
Family Dollar #4262,Pullman Square Shopping Center,120 Pullman Sq,Butler, PA 16001 US
Family Dollar #3164,West Pike Plaza,594 W Pike St,Canonsburg, PA 15317 US
Family Dollar #6751,Southgate Shp Ctr,221 Southgate Mall,Chambersburg, PA 17201 US
Family Dollar #4529,Caln Plaza,1843 E Lincoln Hwy,Coatesville, PA 19320 US
Family Dollar #1680,Columbia Shopping Center (Anne,24 S 18th St,Columbia, PA 17512 US
Family Dollar #3074,Connellsville Plaza,208 Memorial Blvd,Connellsville, PA 15425 US
Family Dollar #2784,Corry Plaza,128 W Smith St,Corry, PA 16407 US
Family Dollar #2104,Main Street Mall,100 North Main Street,Du Bois, PA 15801 US
Family Dollar #1821,Hollidaysburg Plaza Shopping C,118 Hollidaysburg Plz,Duncansville, PA 16635 US
Family Dollar #8526,4545 Milford Road, Suite 150,East Stroudsburg, PA 18302 US
Family Dollar #3293,Elizabethtown Commons,1575 S Market St,Elizabethtown, PA 17022 US
Family Dollar #3801,Northstar Plaza,227 State Route 288,Ellwood City, PA 16117 US
Family Dollar #989,Cloister Shopping Center,130 N Reading Rd,Ephrata, PA 17522 US
Family Dollar #1760,Commodore Perry Plaza,2226 Broad St,Erie, PA 16503 US
Family Dollar #3529,Tops Plaza,1530 W 26th St Unit D-E,Erie, PA 16508 US
Family Dollar #3779,East Erie Plaza,856 E 6th St,Erie, PA 16507 US
Family Dollar #3437,Greensburg Shopping Ctr,400 E Pittsburgh St,Greensburg, PA 15601 US
Family Dollar #3545,York Mini-Mall,398 York St,Hanover, PA 17331 US
Family Dollar #1059,Kline Village Shopping Center,134 Kline Village,Harrisburg, PA 17104 US
Family Dollar #3369,Church Hill Mall,1075 N Church St,Hazle Township, PA 18202 US
Family Dollar #2439,Johnsonburg Plaza,438 Wilcox Road,Johnsonburg, PA 15845 US
Family Dollar #5083,Benscreek Shopping Ctr,133 Tire Hill Rd,Johnstown, PA 15905 US
Family Dollar #815,Richland Plaza,1227 Scalp Avenue,Johnstown, PA 15904 US
Family Dollar #7712,Hyde Park Plaza,451 Hyde Park Road,Leechburg, PA 15656 US
Family Dollar #2155,Greencastle Center,410 West King Street,Littlestown, PA 17340 US
Family Dollar #3157,Luzerne Shopping Center,562 Union St,Luzerne, PA 18709 US
Family Dollar #3225,Southgate Plaza,662 Main St,Lykens, PA 17048 US
Family Dollar #988,Penn Village Shp Ctr,182 Buchanan Trl Ste 165,Mcconnellsburg, PA 17233 US
Family Dollar #775,Mckees Rocks Plaza Shopping Ce,152 Mc Kees Rocks Plz,Mc Kees Rocks, PA 15136 US
Family Dollar #2284,Juniata Valley Shopping Center,4048 William Penn Hwy,Mifflintown, PA 17059 US
Family Dollar #2147,Pottsville-Minersville Highway,60 Kings Village,Minersville, PA 17954 US
Family Dollar #2276,Mon Valley Shopping Center,301 E Donner Ave,Monessen, PA 15062 US
Family Dollar #7987,Po Box 464,Rte 390 & Oak Lane,Mountainhome, PA 18342 US
Family Dollar #3218,Cascade Galleria,100 S Jefferson St,New Castle, PA 16101 US
Family Dollar #3888,Big Lots Shp Ctr,2611 Ellwood Rd,New Castle, PA 16101 US
Family Dollar #4122,Call'S Plaza,1702 Wilmington Rd,New Castle, PA 16105 US
Family Dollar #2107,New Holland Shopping Center,675 West Main Street,New Holland, PA 17557 US
Family Dollar #1076,New Oxford Shopping Center,360 Lincoln Way East,New Oxford, PA 17350 US
Family Dollar #1769,Great Valley Mart,355 Lincoln Hwy,N Versailles, PA 15137 US
Family Dollar #3339,Parkesburg Center,120 First Ave,Parkesburg, PA 19365 US
Family Dollar #2871,Adams Run Shopping Center,6201 N Front St,Philadelphia, PA 19120 US
Family Dollar #3153,Wadsworth Plaza,1600 E Wadsworth Ave Ste B,Philadelphia, PA 19150 US
Family Dollar #3364,W W Woolworth Shop Ctr,7310 Frankford Ave #14,Philadelphia, PA 19136 US
Family Dollar #6659,Philadelphia,5814 Woodland Avenue,Philadelphia, PA 19143 US
Family Dollar #6929,Pelham Plaza,6555 Greene St,Philadelphia, PA 19119 US
Family Dollar #7150,Plaza Of Americas,1500 East Erie Avenue,Philadelphia, PA 19124 US
Family Dollar #8371,1700 Washington, Ave.,Philadelphia, PA 19146 US
Family Dollar #1982,Shady Hill Center,6320 Shakespeare St,Pittsburgh, PA 15206 US
Family Dollar #6598,Eastwood Shp Ctr,9010 Frankstown Rd,Pittsburgh, PA 15235 US
Family Dollar #5224,Curry Hollow Centre,340 Curry Hollow Rd,Pleasant Hills, PA 15236 US
Family Dollar #1955,Riverside Plaza,3670 Portage St,Portage, PA 15946 US
Family Dollar #3556,Punxy Plaza Shp Ctr,561 W Mahoning St,Punxsutawney, PA 15767 US
Family Dollar #3115,Townsedge Shp Ctr,106 Townsedge Dr,Quarryville, PA 17566 US
Family Dollar #6455,Reading Station,951 N 6th St Ste #117,Reading, PA 19601 US
Family Dollar #2102,Sharon City Center,100 South Water Avenue,Sharon, PA 16146 US
Family Dollar #6947,Chester Pike Plaza,1440 Chester Pike,Sharon Hill, PA 19079 US
Family Dollar #3961,Spring Forge Shops,450 N Main St,Spring Grove, PA 17362 US
Family Dollar #3684,Sunbury Plaza Shp Ctr,1125 N 4th St,Sunbury, PA 17801 US
Family Dollar #7937,Colonial Plaza Shopping Center,59 Reuter Blvd.,Towanda, PA 18848 US
Family Dollar #4353,Super Duper Shp Ctr,575 Elmira St,Troy, PA 16947 US
Family Dollar #2457,Tyrone Area Shopping Center,1 Tyrone Shopping Center,Tyrone, PA 16686 US
Family Dollar #2193,Uniontown Shopping Center,575 Morgantown Road,Uniontown, PA 15401 US
Family Dollar #781,Upland Shopping Center,896 Upland Ave,Upland, PA 19013 US
Family Dollar #7566,Warminster Square Shopping Cen,1491 W Street Rd,Warminster, PA 18974 US
Family Dollar #2467,Duquesne Village,1868 Homeville Rd,West Mifflin, PA 15122 US
Family Dollar #7983,Woodlyn Plaza,1936 Macdade Boulevard,Woodlyn, PA 19094 US
Family Dollar #2174,Mount Rose Shopping Center,1025 Mount Rose Avenue,York, PA 17403 US
Family Dollar #4990,Yorktown Mall,133 N Duke St,York, PA 17401 US
